query_id	company_id	relevance	judgement_source	rationale_id
pub-q-0001	pub-co-baillie	1	curated_primary_source_review	pub-q-0001--pub-co-baillie
pub-q-0001	pub-co-midwest-hardwood	1	curated_primary_source_review	pub-q-0001--pub-co-midwest-hardwood
pub-q-0001	pub-co-us-lumber	0	curated_primary_source_review	pub-q-0001--pub-co-us-lumber
pub-q-0001	pub-co-austin-hardwoods	0	curated_primary_source_review	pub-q-0001--pub-co-austin-hardwoods
pub-q-0002	pub-co-hardwoods	2	curated_primary_source_review	pub-q-0002--pub-co-hardwoods
pub-q-0002	pub-co-paxton	2	curated_primary_source_review	pub-q-0002--pub-co-paxton
pub-q-0002	pub-co-midwest-hardwood	1	curated_primary_source_review	pub-q-0002--pub-co-midwest-hardwood
pub-q-0002	pub-co-austin-hardwoods	1	curated_primary_source_review	pub-q-0002--pub-co-austin-hardwoods
pub-q-0002	pub-co-conklin	0	curated_primary_source_review	pub-q-0002--pub-co-conklin
pub-q-0003	pub-co-us-lumber	2	curated_primary_source_review	pub-q-0003--pub-co-us-lumber
pub-q-0003	pub-co-builders-firstsource	2	curated_primary_source_review	pub-q-0003--pub-co-builders-firstsource
pub-q-0003	pub-co-84-lumber	2	curated_primary_source_review	pub-q-0003--pub-co-84-lumber
pub-q-0003	pub-co-bluelinx	2	curated_primary_source_review	pub-q-0003--pub-co-bluelinx
pub-q-0003	pub-co-weyerhaeuser-distribution	1	curated_primary_source_review	pub-q-0003--pub-co-weyerhaeuser-distribution
pub-q-0003	pub-co-coilcraft	0	curated_primary_source_review	pub-q-0003--pub-co-coilcraft
pub-q-0004	pub-co-conklin	2	curated_primary_source_review	pub-q-0004--pub-co-conklin
pub-q-0004	pub-co-ferguson	1	curated_primary_source_review	pub-q-0004--pub-co-ferguson
pub-q-0004	pub-co-johnstone	1	curated_primary_source_review	pub-q-0004--pub-co-johnstone
pub-q-0004	pub-co-coilcraft	0	curated_primary_source_review	pub-q-0004--pub-co-coilcraft
pub-q-0005	pub-co-cooney	2	curated_primary_source_review	pub-q-0005--pub-co-cooney
pub-q-0005	pub-co-nortek	2	curated_primary_source_review	pub-q-0005--pub-co-nortek
pub-q-0005	pub-co-titus	2	curated_primary_source_review	pub-q-0005--pub-co-titus
pub-q-0005	pub-co-coilcraft	0	curated_primary_source_review	pub-q-0005--pub-co-coilcraft
pub-q-0006	pub-co-heatcraft	2	curated_primary_source_review	pub-q-0006--pub-co-heatcraft
pub-q-0006	pub-co-evapco	2	curated_primary_source_review	pub-q-0006--pub-co-evapco
pub-q-0006	pub-co-nortek	1	curated_primary_source_review	pub-q-0006--pub-co-nortek
pub-q-0006	pub-co-modine-hvac	0	curated_primary_source_review	pub-q-0006--pub-co-modine-hvac
pub-q-0007	pub-co-camfil	2	curated_primary_source_review	pub-q-0007--pub-co-camfil
pub-q-0007	pub-co-greenheck	2	curated_primary_source_review	pub-q-0007--pub-co-greenheck
pub-q-0007	pub-co-nortek	2	curated_primary_source_review	pub-q-0007--pub-co-nortek
pub-q-0007	pub-co-titus	1	curated_primary_source_review	pub-q-0007--pub-co-titus
pub-q-0007	pub-co-hart-cooley	1	curated_primary_source_review	pub-q-0007--pub-co-hart-cooley
pub-q-0007	pub-co-brintons	0	curated_primary_source_review	pub-q-0007--pub-co-brintons
pub-q-0008	pub-co-nqa	2	curated_primary_source_review	pub-q-0008--pub-co-nqa
pub-q-0008	pub-co-tuv-rheinland	2	curated_primary_source_review	pub-q-0008--pub-co-tuv-rheinland
pub-q-0008	pub-co-lrqa	2	curated_primary_source_review	pub-q-0008--pub-co-lrqa
pub-q-0008	pub-co-bureau-veritas	2	curated_primary_source_review	pub-q-0008--pub-co-bureau-veritas
pub-q-0008	pub-co-bsi	1	curated_primary_source_review	pub-q-0008--pub-co-bsi
pub-q-0008	pub-co-tuv-sud	1	curated_primary_source_review	pub-q-0008--pub-co-tuv-sud
pub-q-0008	pub-co-intertek	1	curated_primary_source_review	pub-q-0008--pub-co-intertek
pub-q-0008	pub-co-sgs	1	curated_primary_source_review	pub-q-0008--pub-co-sgs
pub-q-0008	pub-co-protolabs	0	curated_primary_source_review	pub-q-0008--pub-co-protolabs
pub-q-0009	pub-co-element	2	curated_primary_source_review	pub-q-0009--pub-co-element
pub-q-0009	pub-co-intertek	2	curated_primary_source_review	pub-q-0009--pub-co-intertek
pub-q-0009	pub-co-bureau-veritas	2	curated_primary_source_review	pub-q-0009--pub-co-bureau-veritas
pub-q-0009	pub-co-sgs	2	curated_primary_source_review	pub-q-0009--pub-co-sgs
pub-q-0009	pub-co-tuv-sud	2	curated_primary_source_review	pub-q-0009--pub-co-tuv-sud
pub-q-0009	pub-co-kiwa	1	curated_primary_source_review	pub-q-0009--pub-co-kiwa
pub-q-0009	pub-co-smithers	1	curated_primary_source_review	pub-q-0009--pub-co-smithers
pub-q-0009	pub-co-protolabs	0	curated_primary_source_review	pub-q-0009--pub-co-protolabs
pub-q-0009	pub-co-fictiv	0	curated_primary_source_review	pub-q-0009--pub-co-fictiv
pub-q-0010	pub-co-kiwa	2	curated_primary_source_review	pub-q-0010--pub-co-kiwa
pub-q-0010	pub-co-sgs	1	curated_primary_source_review	pub-q-0010--pub-co-sgs
pub-q-0010	pub-co-bureau-veritas	1	curated_primary_source_review	pub-q-0010--pub-co-bureau-veritas
pub-q-0010	pub-co-intertek	1	curated_primary_source_review	pub-q-0010--pub-co-intertek
pub-q-0010	pub-co-dining-alliance	0	curated_primary_source_review	pub-q-0010--pub-co-dining-alliance
pub-q-0010	pub-co-foodbuy	0	curated_primary_source_review	pub-q-0010--pub-co-foodbuy
pub-q-0011	pub-co-dentistry-children	2	curated_primary_source_review	pub-q-0011--pub-co-dentistry-children
pub-q-0011	pub-co-pediatric-associates	2	curated_primary_source_review	pub-q-0011--pub-co-pediatric-associates
pub-q-0011	pub-co-dental-associates-kids	2	curated_primary_source_review	pub-q-0011--pub-co-dental-associates-kids
pub-q-0011	pub-co-pediatric-manchester	2	curated_primary_source_review	pub-q-0011--pub-co-pediatric-manchester
pub-q-0011	pub-co-dental-associates	2	curated_primary_source_review	pub-q-0011--pub-co-dental-associates
pub-q-0011	pub-co-dentrix	0	curated_primary_source_review	pub-q-0011--pub-co-dentrix
pub-q-0011	pub-co-planet-dds	0	curated_primary_source_review	pub-q-0011--pub-co-planet-dds
pub-q-0012	pub-co-dentistry-children	1	curated_primary_source_review	pub-q-0012--pub-co-dentistry-children
pub-q-0012	pub-co-pediatric-associates	1	curated_primary_source_review	pub-q-0012--pub-co-pediatric-associates
pub-q-0012	pub-co-dental-associates-kids	1	curated_primary_source_review	pub-q-0012--pub-co-dental-associates-kids
pub-q-0012	pub-co-pediatric-manchester	1	curated_primary_source_review	pub-q-0012--pub-co-pediatric-manchester
pub-q-0012	pub-co-dental-associates	0	curated_primary_source_review	pub-q-0012--pub-co-dental-associates
pub-q-0012	pub-co-smile-doctors	0	curated_primary_source_review	pub-q-0012--pub-co-smile-doctors
pub-q-0013	pub-co-heartland	2	curated_primary_source_review	pub-q-0013--pub-co-heartland
pub-q-0013	pub-co-smile-brands	2	curated_primary_source_review	pub-q-0013--pub-co-smile-brands
pub-q-0013	pub-co-dentalcorp	2	curated_primary_source_review	pub-q-0013--pub-co-dentalcorp
pub-q-0013	pub-co-42north	2	curated_primary_source_review	pub-q-0013--pub-co-42north
pub-q-0013	pub-co-dentrix	0	curated_primary_source_review	pub-q-0013--pub-co-dentrix
pub-q-0013	pub-co-planet-dds	0	curated_primary_source_review	pub-q-0013--pub-co-planet-dds
pub-q-0014	pub-co-dentrix	2	curated_primary_source_review	pub-q-0014--pub-co-dentrix
pub-q-0014	pub-co-planet-dds	2	curated_primary_source_review	pub-q-0014--pub-co-planet-dds
pub-q-0014	pub-co-heartland	0	curated_primary_source_review	pub-q-0014--pub-co-heartland
pub-q-0014	pub-co-42north	0	curated_primary_source_review	pub-q-0014--pub-co-42north
pub-q-0015	pub-co-healthtrust	2	curated_primary_source_review	pub-q-0015--pub-co-healthtrust
pub-q-0015	pub-co-foodbuy	2	curated_primary_source_review	pub-q-0015--pub-co-foodbuy
pub-q-0015	pub-co-vizient	1	curated_primary_source_review	pub-q-0015--pub-co-vizient
pub-q-0015	pub-co-omnia	1	curated_primary_source_review	pub-q-0015--pub-co-omnia
pub-q-0015	pub-co-procurated	0	curated_primary_source_review	pub-q-0015--pub-co-procurated
pub-q-0016	pub-co-dining-alliance	2	curated_primary_source_review	pub-q-0016--pub-co-dining-alliance
pub-q-0016	pub-co-foodbuy	2	curated_primary_source_review	pub-q-0016--pub-co-foodbuy
pub-q-0016	pub-co-avendra	1	curated_primary_source_review	pub-q-0016--pub-co-avendra
pub-q-0016	pub-co-toast	0	curated_primary_source_review	pub-q-0016--pub-co-toast
pub-q-0016	pub-co-restaurant365	0	curated_primary_source_review	pub-q-0016--pub-co-restaurant365
pub-q-0017	pub-co-sourcewell	2	curated_primary_source_review	pub-q-0017--pub-co-sourcewell
pub-q-0017	pub-co-omnia	2	curated_primary_source_review	pub-q-0017--pub-co-omnia
pub-q-0017	pub-co-foodbuy	1	curated_primary_source_review	pub-q-0017--pub-co-foodbuy
pub-q-0017	pub-co-procurated	0	curated_primary_source_review	pub-q-0017--pub-co-procurated
pub-q-0018	pub-co-ats	2	curated_primary_source_review	pub-q-0018--pub-co-ats
pub-q-0018	pub-co-team	2	curated_primary_source_review	pub-q-0018--pub-co-team
pub-q-0018	pub-co-mistras	2	curated_primary_source_review	pub-q-0018--pub-co-mistras
pub-q-0018	pub-co-emcor	1	curated_primary_source_review	pub-q-0018--pub-co-emcor
pub-q-0018	pub-co-servicemax	0	curated_primary_source_review	pub-q-0018--pub-co-servicemax
pub-q-0019	pub-co-tdindustries	2	curated_primary_source_review	pub-q-0019--pub-co-tdindustries
pub-q-0019	pub-co-emcor	2	curated_primary_source_review	pub-q-0019--pub-co-emcor
pub-q-0019	pub-co-ats	1	curated_primary_source_review	pub-q-0019--pub-co-ats
pub-q-0019	pub-co-greenheck	0	curated_primary_source_review	pub-q-0019--pub-co-greenheck
pub-q-0019	pub-co-hart-cooley	0	curated_primary_source_review	pub-q-0019--pub-co-hart-cooley
pub-q-0020	pub-co-protolabs	2	curated_primary_source_review	pub-q-0020--pub-co-protolabs
pub-q-0020	pub-co-fictiv	2	curated_primary_source_review	pub-q-0020--pub-co-fictiv
pub-q-0020	pub-co-xometry	2	curated_primary_source_review	pub-q-0020--pub-co-xometry
pub-q-0020	pub-co-ensinger	2	curated_primary_source_review	pub-q-0020--pub-co-ensinger
pub-q-0020	pub-co-pace	2	curated_primary_source_review	pub-q-0020--pub-co-pace
pub-q-0020	pub-co-paxton	0	curated_primary_source_review	pub-q-0020--pub-co-paxton
pub-q-0021	pub-co-pace	2	curated_primary_source_review	pub-q-0021--pub-co-pace
pub-q-0021	pub-co-fictiv	2	curated_primary_source_review	pub-q-0021--pub-co-fictiv
pub-q-0021	pub-co-xometry	2	curated_primary_source_review	pub-q-0021--pub-co-xometry
pub-q-0021	pub-co-protolabs	1	curated_primary_source_review	pub-q-0021--pub-co-protolabs
pub-q-0021	pub-co-paxton	0	curated_primary_source_review	pub-q-0021--pub-co-paxton
pub-q-0022	pub-co-lineage	2	curated_primary_source_review	pub-q-0022--pub-co-lineage
pub-q-0022	pub-co-americold	2	curated_primary_source_review	pub-q-0022--pub-co-americold
pub-q-0022	pub-co-uscold	2	curated_primary_source_review	pub-q-0022--pub-co-uscold
pub-q-0022	pub-co-rls	2	curated_primary_source_review	pub-q-0022--pub-co-rls
pub-q-0022	pub-co-chrobinson	1	curated_primary_source_review	pub-q-0022--pub-co-chrobinson
pub-q-0022	pub-co-descartes	0	curated_primary_source_review	pub-q-0022--pub-co-descartes
pub-q-0022	pub-co-wisetech	0	curated_primary_source_review	pub-q-0022--pub-co-wisetech
pub-q-0023	pub-co-rls	2	curated_primary_source_review	pub-q-0023--pub-co-rls
pub-q-0023	pub-co-gxo	2	curated_primary_source_review	pub-q-0023--pub-co-gxo
pub-q-0023	pub-co-dhl	2	curated_primary_source_review	pub-q-0023--pub-co-dhl
pub-q-0023	pub-co-lineage	1	curated_primary_source_review	pub-q-0023--pub-co-lineage
pub-q-0023	pub-co-americold	1	curated_primary_source_review	pub-q-0023--pub-co-americold
pub-q-0023	pub-co-descartes	0	curated_primary_source_review	pub-q-0023--pub-co-descartes
pub-q-0024	pub-co-chrobinson	2	curated_primary_source_review	pub-q-0024--pub-co-chrobinson
pub-q-0024	pub-co-rls	2	curated_primary_source_review	pub-q-0024--pub-co-rls
pub-q-0024	pub-co-lineage	2	curated_primary_source_review	pub-q-0024--pub-co-lineage
pub-q-0024	pub-co-dhl	1	curated_primary_source_review	pub-q-0024--pub-co-dhl
pub-q-0024	pub-co-wisetech	0	curated_primary_source_review	pub-q-0024--pub-co-wisetech
pub-q-0025	pub-co-amn	2	curated_primary_source_review	pub-q-0025--pub-co-amn
pub-q-0025	pub-co-aya	2	curated_primary_source_review	pub-q-0025--pub-co-aya
pub-q-0025	pub-co-jackson	1	curated_primary_source_review	pub-q-0025--pub-co-jackson
pub-q-0025	pub-co-bullhorn	0	curated_primary_source_review	pub-q-0025--pub-co-bullhorn
pub-q-0025	pub-co-avionte	0	curated_primary_source_review	pub-q-0025--pub-co-avionte
pub-q-0026	pub-co-aerotek	2	curated_primary_source_review	pub-q-0026--pub-co-aerotek
pub-q-0026	pub-co-ats	2	curated_primary_source_review	pub-q-0026--pub-co-ats
pub-q-0026	pub-co-bullhorn	0	curated_primary_source_review	pub-q-0026--pub-co-bullhorn
pub-q-0026	pub-co-avionte	0	curated_primary_source_review	pub-q-0026--pub-co-avionte
pub-q-0027	pub-co-servicetitan	2	curated_primary_source_review	pub-q-0027--pub-co-servicetitan
pub-q-0027	pub-co-housecall	2	curated_primary_source_review	pub-q-0027--pub-co-housecall
pub-q-0027	pub-co-jobber	2	curated_primary_source_review	pub-q-0027--pub-co-jobber
pub-q-0027	pub-co-servicemax	1	curated_primary_source_review	pub-q-0027--pub-co-servicemax
pub-q-0027	pub-co-tdindustries	0	curated_primary_source_review	pub-q-0027--pub-co-tdindustries
pub-q-0028	pub-co-procore	2	curated_primary_source_review	pub-q-0028--pub-co-procore
pub-q-0028	pub-co-buildertrend	2	curated_primary_source_review	pub-q-0028--pub-co-buildertrend
pub-q-0028	pub-co-servicetitan	1	curated_primary_source_review	pub-q-0028--pub-co-servicetitan
pub-q-0028	pub-co-builders-firstsource	0	curated_primary_source_review	pub-q-0028--pub-co-builders-firstsource
pub-q-0028	pub-co-84-lumber	0	curated_primary_source_review	pub-q-0028--pub-co-84-lumber
pub-q-0029	pub-co-rent-manager	2	curated_primary_source_review	pub-q-0029--pub-co-rent-manager
pub-q-0029	pub-co-appfolio	2	curated_primary_source_review	pub-q-0029--pub-co-appfolio
pub-q-0029	pub-co-buildium	2	curated_primary_source_review	pub-q-0029--pub-co-buildium
pub-q-0029	pub-co-entrata	2	curated_primary_source_review	pub-q-0029--pub-co-entrata
pub-q-0029	pub-co-realpage	2	curated_primary_source_review	pub-q-0029--pub-co-realpage
pub-q-0029	pub-co-buildertrend	0	curated_primary_source_review	pub-q-0029--pub-co-buildertrend
pub-q-0030	pub-co-clio	2	curated_primary_source_review	pub-q-0030--pub-co-clio
pub-q-0030	pub-co-mycase	2	curated_primary_source_review	pub-q-0030--pub-co-mycase
pub-q-0030	pub-co-filevine	2	curated_primary_source_review	pub-q-0030--pub-co-filevine
pub-q-0030	pub-co-thomson-reuters	2	curated_primary_source_review	pub-q-0030--pub-co-thomson-reuters
pub-q-0030	pub-co-dentrix	0	curated_primary_source_review	pub-q-0030--pub-co-dentrix
pub-q-0031	pub-co-bullhorn	2	curated_primary_source_review	pub-q-0031--pub-co-bullhorn
pub-q-0031	pub-co-avionte	2	curated_primary_source_review	pub-q-0031--pub-co-avionte
pub-q-0031	pub-co-ukg	1	curated_primary_source_review	pub-q-0031--pub-co-ukg
pub-q-0031	pub-co-paylocity	1	curated_primary_source_review	pub-q-0031--pub-co-paylocity
pub-q-0031	pub-co-aerotek	0	curated_primary_source_review	pub-q-0031--pub-co-aerotek
pub-q-0032	pub-co-toast	2	curated_primary_source_review	pub-q-0032--pub-co-toast
pub-q-0032	pub-co-restaurant365	2	curated_primary_source_review	pub-q-0032--pub-co-restaurant365
pub-q-0032	pub-co-lightspeed	2	curated_primary_source_review	pub-q-0032--pub-co-lightspeed
pub-q-0032	pub-co-dining-alliance	0	curated_primary_source_review	pub-q-0032--pub-co-dining-alliance
pub-q-0033	pub-co-ukg	2	curated_primary_source_review	pub-q-0033--pub-co-ukg
pub-q-0033	pub-co-paylocity	2	curated_primary_source_review	pub-q-0033--pub-co-paylocity
pub-q-0033	pub-co-bamboohr	2	curated_primary_source_review	pub-q-0033--pub-co-bamboohr
pub-q-0033	pub-co-gusto	2	curated_primary_source_review	pub-q-0033--pub-co-gusto
pub-q-0033	pub-co-avionte	1	curated_primary_source_review	pub-q-0033--pub-co-avionte
pub-q-0033	pub-co-robert-half	0	curated_primary_source_review	pub-q-0033--pub-co-robert-half
pub-q-0034	pub-co-samsara	2	curated_primary_source_review	pub-q-0034--pub-co-samsara
pub-q-0034	pub-co-descartes	2	curated_primary_source_review	pub-q-0034--pub-co-descartes
pub-q-0034	pub-co-wisetech	2	curated_primary_source_review	pub-q-0034--pub-co-wisetech
pub-q-0034	pub-co-chrobinson	1	curated_primary_source_review	pub-q-0034--pub-co-chrobinson
pub-q-0034	pub-co-dhl	0	curated_primary_source_review	pub-q-0034--pub-co-dhl
pub-q-0035	pub-co-featurespace	2	curated_primary_source_review	pub-q-0035--pub-co-featurespace
pub-q-0035	pub-co-unit21	2	curated_primary_source_review	pub-q-0035--pub-co-unit21
pub-q-0035	pub-co-sardine	2	curated_primary_source_review	pub-q-0035--pub-co-sardine
pub-q-0035	pub-co-nice-actimize	2	curated_primary_source_review	pub-q-0035--pub-co-nice-actimize
pub-q-0035	pub-co-feedzai	2	curated_primary_source_review	pub-q-0035--pub-co-feedzai
pub-q-0035	pub-co-quantexa	1	curated_primary_source_review	pub-q-0035--pub-co-quantexa
pub-q-0035	pub-co-socure	1	curated_primary_source_review	pub-q-0035--pub-co-socure
pub-q-0035	pub-co-taylor	0	curated_primary_source_review	pub-q-0035--pub-co-taylor
pub-q-0036	pub-co-riskified	2	curated_primary_source_review	pub-q-0036--pub-co-riskified
pub-q-0036	pub-co-forter	2	curated_primary_source_review	pub-q-0036--pub-co-forter
pub-q-0036	pub-co-signifyd	2	curated_primary_source_review	pub-q-0036--pub-co-signifyd
pub-q-0036	pub-co-sift	2	curated_primary_source_review	pub-q-0036--pub-co-sift
pub-q-0036	pub-co-sardine	2	curated_primary_source_review	pub-q-0036--pub-co-sardine
pub-q-0036	pub-co-feedzai	1	curated_primary_source_review	pub-q-0036--pub-co-feedzai
pub-q-0036	pub-co-taylor	0	curated_primary_source_review	pub-q-0036--pub-co-taylor
pub-q-0036	pub-co-deluxe	0	curated_primary_source_review	pub-q-0036--pub-co-deluxe
pub-q-0037	pub-co-unit21	1	curated_primary_source_review	pub-q-0037--pub-co-unit21
pub-q-0037	pub-co-nice-actimize	1	curated_primary_source_review	pub-q-0037--pub-co-nice-actimize
pub-q-0037	pub-co-quantexa	1	curated_primary_source_review	pub-q-0037--pub-co-quantexa
pub-q-0037	pub-co-featurespace	0	curated_primary_source_review	pub-q-0037--pub-co-featurespace
pub-q-0037	pub-co-sardine	0	curated_primary_source_review	pub-q-0037--pub-co-sardine
pub-q-0037	pub-co-feedzai	0	curated_primary_source_review	pub-q-0037--pub-co-feedzai
pub-q-0038	pub-co-quad	2	curated_primary_source_review	pub-q-0038--pub-co-quad
pub-q-0038	pub-co-taylor	2	curated_primary_source_review	pub-q-0038--pub-co-taylor
pub-q-0038	pub-co-alphagraphics	2	curated_primary_source_review	pub-q-0038--pub-co-alphagraphics
pub-q-0038	pub-co-vistaprint	2	curated_primary_source_review	pub-q-0038--pub-co-vistaprint
pub-q-0038	pub-co-rrd	1	curated_primary_source_review	pub-q-0038--pub-co-rrd
pub-q-0038	pub-co-cenveo	1	curated_primary_source_review	pub-q-0038--pub-co-cenveo
pub-q-0038	pub-co-deluxe	1	curated_primary_source_review	pub-q-0038--pub-co-deluxe
pub-q-0038	pub-co-lsc	1	curated_primary_source_review	pub-q-0038--pub-co-lsc
pub-q-0038	pub-co-hibu	0	curated_primary_source_review	pub-q-0038--pub-co-hibu
pub-q-0038	pub-co-simon	0	curated_primary_source_review	pub-q-0038--pub-co-simon
