query-id	corpus-id	score
pub-q-0001	pub-co-baillie	1
pub-q-0001	pub-co-midwest-hardwood	1
pub-q-0001	pub-co-us-lumber	0
pub-q-0001	pub-co-austin-hardwoods	0
pub-q-0002	pub-co-hardwoods	2
pub-q-0002	pub-co-paxton	2
pub-q-0002	pub-co-midwest-hardwood	1
pub-q-0002	pub-co-austin-hardwoods	1
pub-q-0002	pub-co-conklin	0
pub-q-0003	pub-co-us-lumber	2
pub-q-0003	pub-co-builders-firstsource	2
pub-q-0003	pub-co-84-lumber	2
pub-q-0003	pub-co-bluelinx	2
pub-q-0003	pub-co-weyerhaeuser-distribution	1
pub-q-0003	pub-co-coilcraft	0
pub-q-0004	pub-co-conklin	2
pub-q-0004	pub-co-ferguson	1
pub-q-0004	pub-co-johnstone	1
pub-q-0004	pub-co-coilcraft	0
pub-q-0005	pub-co-cooney	2
pub-q-0005	pub-co-nortek	2
pub-q-0005	pub-co-titus	2
pub-q-0005	pub-co-coilcraft	0
pub-q-0006	pub-co-heatcraft	2
pub-q-0006	pub-co-evapco	2
pub-q-0006	pub-co-nortek	1
pub-q-0006	pub-co-modine-hvac	0
pub-q-0007	pub-co-camfil	2
pub-q-0007	pub-co-greenheck	2
pub-q-0007	pub-co-nortek	2
pub-q-0007	pub-co-titus	1
pub-q-0007	pub-co-hart-cooley	1
pub-q-0007	pub-co-brintons	0
pub-q-0008	pub-co-nqa	2
pub-q-0008	pub-co-tuv-rheinland	2
pub-q-0008	pub-co-lrqa	2
pub-q-0008	pub-co-bureau-veritas	2
pub-q-0008	pub-co-bsi	1
pub-q-0008	pub-co-tuv-sud	1
pub-q-0008	pub-co-intertek	1
pub-q-0008	pub-co-sgs	1
pub-q-0008	pub-co-protolabs	0
pub-q-0009	pub-co-element	2
pub-q-0009	pub-co-intertek	2
pub-q-0009	pub-co-bureau-veritas	2
pub-q-0009	pub-co-sgs	2
pub-q-0009	pub-co-tuv-sud	2
pub-q-0009	pub-co-kiwa	1
pub-q-0009	pub-co-smithers	1
pub-q-0009	pub-co-protolabs	0
pub-q-0009	pub-co-fictiv	0
pub-q-0010	pub-co-kiwa	2
pub-q-0010	pub-co-sgs	1
pub-q-0010	pub-co-bureau-veritas	1
pub-q-0010	pub-co-intertek	1
pub-q-0010	pub-co-dining-alliance	0
pub-q-0010	pub-co-foodbuy	0
pub-q-0011	pub-co-dentistry-children	2
pub-q-0011	pub-co-pediatric-associates	2
pub-q-0011	pub-co-dental-associates-kids	2
pub-q-0011	pub-co-pediatric-manchester	2
pub-q-0011	pub-co-dental-associates	2
pub-q-0011	pub-co-dentrix	0
pub-q-0011	pub-co-planet-dds	0
pub-q-0012	pub-co-dentistry-children	1
pub-q-0012	pub-co-pediatric-associates	1
pub-q-0012	pub-co-dental-associates-kids	1
pub-q-0012	pub-co-pediatric-manchester	1
pub-q-0012	pub-co-dental-associates	0
pub-q-0012	pub-co-smile-doctors	0
pub-q-0013	pub-co-heartland	2
pub-q-0013	pub-co-smile-brands	2
pub-q-0013	pub-co-dentalcorp	2
pub-q-0013	pub-co-42north	2
pub-q-0013	pub-co-dentrix	0
pub-q-0013	pub-co-planet-dds	0
pub-q-0014	pub-co-dentrix	2
pub-q-0014	pub-co-planet-dds	2
pub-q-0014	pub-co-heartland	0
pub-q-0014	pub-co-42north	0
pub-q-0015	pub-co-healthtrust	2
pub-q-0015	pub-co-foodbuy	2
pub-q-0015	pub-co-vizient	1
pub-q-0015	pub-co-omnia	1
pub-q-0015	pub-co-procurated	0
pub-q-0016	pub-co-dining-alliance	2
pub-q-0016	pub-co-foodbuy	2
pub-q-0016	pub-co-avendra	1
pub-q-0016	pub-co-toast	0
pub-q-0016	pub-co-restaurant365	0
pub-q-0017	pub-co-sourcewell	2
pub-q-0017	pub-co-omnia	2
pub-q-0017	pub-co-foodbuy	1
pub-q-0017	pub-co-procurated	0
pub-q-0018	pub-co-ats	2
pub-q-0018	pub-co-team	2
pub-q-0018	pub-co-mistras	2
pub-q-0018	pub-co-emcor	1
pub-q-0018	pub-co-servicemax	0
pub-q-0019	pub-co-tdindustries	2
pub-q-0019	pub-co-emcor	2
pub-q-0019	pub-co-ats	1
pub-q-0019	pub-co-greenheck	0
pub-q-0019	pub-co-hart-cooley	0
pub-q-0020	pub-co-protolabs	2
pub-q-0020	pub-co-fictiv	2
pub-q-0020	pub-co-xometry	2
pub-q-0020	pub-co-ensinger	2
pub-q-0020	pub-co-pace	2
pub-q-0020	pub-co-paxton	0
pub-q-0021	pub-co-pace	2
pub-q-0021	pub-co-fictiv	2
pub-q-0021	pub-co-xometry	2
pub-q-0021	pub-co-protolabs	1
pub-q-0021	pub-co-paxton	0
pub-q-0022	pub-co-lineage	2
pub-q-0022	pub-co-americold	2
pub-q-0022	pub-co-uscold	2
pub-q-0022	pub-co-rls	2
pub-q-0022	pub-co-chrobinson	1
pub-q-0022	pub-co-descartes	0
pub-q-0022	pub-co-wisetech	0
pub-q-0023	pub-co-rls	2
pub-q-0023	pub-co-gxo	2
pub-q-0023	pub-co-dhl	2
pub-q-0023	pub-co-lineage	1
pub-q-0023	pub-co-americold	1
pub-q-0023	pub-co-descartes	0
pub-q-0024	pub-co-chrobinson	2
pub-q-0024	pub-co-rls	2
pub-q-0024	pub-co-lineage	2
pub-q-0024	pub-co-dhl	1
pub-q-0024	pub-co-wisetech	0
pub-q-0025	pub-co-amn	2
pub-q-0025	pub-co-aya	2
pub-q-0025	pub-co-jackson	1
pub-q-0025	pub-co-bullhorn	0
pub-q-0025	pub-co-avionte	0
pub-q-0026	pub-co-aerotek	2
pub-q-0026	pub-co-ats	2
pub-q-0026	pub-co-bullhorn	0
pub-q-0026	pub-co-avionte	0
pub-q-0027	pub-co-servicetitan	2
pub-q-0027	pub-co-housecall	2
pub-q-0027	pub-co-jobber	2
pub-q-0027	pub-co-servicemax	1
pub-q-0027	pub-co-tdindustries	0
pub-q-0028	pub-co-procore	2
pub-q-0028	pub-co-buildertrend	2
pub-q-0028	pub-co-servicetitan	1
pub-q-0028	pub-co-builders-firstsource	0
pub-q-0028	pub-co-84-lumber	0
pub-q-0029	pub-co-rent-manager	2
pub-q-0029	pub-co-appfolio	2
pub-q-0029	pub-co-buildium	2
pub-q-0029	pub-co-entrata	2
pub-q-0029	pub-co-realpage	2
pub-q-0029	pub-co-buildertrend	0
pub-q-0030	pub-co-clio	2
pub-q-0030	pub-co-mycase	2
pub-q-0030	pub-co-filevine	2
pub-q-0030	pub-co-thomson-reuters	2
pub-q-0030	pub-co-dentrix	0
pub-q-0031	pub-co-bullhorn	2
pub-q-0031	pub-co-avionte	2
pub-q-0031	pub-co-ukg	1
pub-q-0031	pub-co-paylocity	1
pub-q-0031	pub-co-aerotek	0
pub-q-0032	pub-co-toast	2
pub-q-0032	pub-co-restaurant365	2
pub-q-0032	pub-co-lightspeed	2
pub-q-0032	pub-co-dining-alliance	0
pub-q-0033	pub-co-ukg	2
pub-q-0033	pub-co-paylocity	2
pub-q-0033	pub-co-bamboohr	2
pub-q-0033	pub-co-gusto	2
pub-q-0033	pub-co-avionte	1
pub-q-0033	pub-co-robert-half	0
pub-q-0034	pub-co-samsara	2
pub-q-0034	pub-co-descartes	2
pub-q-0034	pub-co-wisetech	2
pub-q-0034	pub-co-chrobinson	1
pub-q-0034	pub-co-dhl	0
pub-q-0035	pub-co-featurespace	2
pub-q-0035	pub-co-unit21	2
pub-q-0035	pub-co-sardine	2
pub-q-0035	pub-co-nice-actimize	2
pub-q-0035	pub-co-feedzai	2
pub-q-0035	pub-co-quantexa	1
pub-q-0035	pub-co-socure	1
pub-q-0035	pub-co-taylor	0
pub-q-0036	pub-co-riskified	2
pub-q-0036	pub-co-forter	2
pub-q-0036	pub-co-signifyd	2
pub-q-0036	pub-co-sift	2
pub-q-0036	pub-co-sardine	2
pub-q-0036	pub-co-feedzai	1
pub-q-0036	pub-co-taylor	0
pub-q-0036	pub-co-deluxe	0
pub-q-0037	pub-co-unit21	1
pub-q-0037	pub-co-nice-actimize	1
pub-q-0037	pub-co-quantexa	1
pub-q-0037	pub-co-featurespace	0
pub-q-0037	pub-co-sardine	0
pub-q-0037	pub-co-feedzai	0
pub-q-0038	pub-co-quad	2
pub-q-0038	pub-co-taylor	2
pub-q-0038	pub-co-alphagraphics	2
pub-q-0038	pub-co-vistaprint	2
pub-q-0038	pub-co-rrd	1
pub-q-0038	pub-co-cenveo	1
pub-q-0038	pub-co-deluxe	1
pub-q-0038	pub-co-lsc	1
pub-q-0038	pub-co-hibu	0
pub-q-0038	pub-co-simon	0
